"name";"Eisen";"Zink";"Kupfer";"Mangan";"Fluorid";"Iodid"
"Gnocchi gekocht";310;14;6,4;59;135;272
"Kopfsalat mit Essigmarinade (Zubereitung Haushalt)";789;26;2,8;44;159;291
"Salami Kroatische Art";1352;72;3;84;129;2368
"Suppenhuhn Fleisch (mittelfett) frisch";1400;40;0,9;250;20;1100
"Lyoner Wurst";1044;55;2,8;72;102;1744
"Marzipan Rohmasse";2786;59;1,3;558;1239;1730
"Weintraube weiß frisch";500;14;1;83;104;55
"Kleber (Gluten)";54;3;1;8;54;43
"Rhabarber frisch";500;40;1;50;130;150
"Papaya";420;15;1,6;35;23;376
"Tomatensoße mit Tomatenmark (Zubereitung Gastronomie)";1178;43;4,3;279;217;547
"Geflügel Döner";1020;43;2,1;133;251;733
"Walnüsse geröstet";2284;619;3;801;1792;2457
"Gouda mind. 45% Fett i. Tr.";280;115;11,8;40;40;4250
"Haferflockenbrei (Zubereitung Haushalt)";673;26;6,6;74;434;791
"Dresdner Stollen aus Hefeteig fettreich";986;57;2;168;719;674
"Kefir entrahmt";51;13;8;12;5;375
"Lachsschinkenpastete";1616;48;2,4;73;68;1397
"Mais-Fladenbrot";1510;43;3,3;131;179;1614
"Roggen Vollkorn";4855;150;7,2;463;4176;3886
"Schwein Schinken gekocht geräuchert";1128;60;3,6;59;75;1851
"Blattspinat tiefgefroren";3872;104;11,5;113;448;552
"Weißkohl (Weißkraut) gegart";389;11;5,2;32;93;164
"Maiskeimöl";1300;0;0;50;0;0
"Brathähnchen Brustfilet roh";1100;40;0,4;140;20;1040
"Schweineschmalz, -fett";60;15;9,7;20;14;110
"Plockwurst einfach";1221;47;1,4;76;72;2248
"Hirse ganzes Korn roh";9000;40;5;490;710;2240
"Butterschmalz";200;30;0,5;10;5;180
"Frikadelle (Zubereitung Gastronomie)";1768;72;2,9;102;135;2550
"Kalb Leber roh";7900;19;4,3;5500;280;6163
"Stockwurst";1351;48;2,4;81;68;2429
"Bier";12;1;1,5;10;16;6
"Camembert Doppelrahmstufe";300;100;20;70;30;2700
"Schwein Filet (mager) frisch gegart";1510;82;1,5;61;90;2332
"Schnittkäse";300;115;35;100;40;3800
"Debreziner Konserve";1186;44;1,1;76;49;2099
"Zucchini gedünstet mit Knoblauch (Zubereitung Haushalt)";2090;28;2,7;83;185;254
"Eier gekocht, gesalzen (Zubereitung Haushalt)";1570;105;10;126;30;1346
"Rind Leber roh";6895;130;14;3195;338;4816
"Quark mit Früchten Magerstufe- Magerquark";346;13;6;46;70;351
"Krabbe klein (Shrimps) gegart";1751;159;89;309;30;2160
"Wildreis gekocht";741;17;1,1;198;502;2139
"Sülzwurst hervorhebend";1564;64;2,7;106;104;2048
"Geflügelbratwurst";1033;35;2,4;125;68;1763
"Weißer Preßkopf";1629;71;1,6;135;115;2653
"Rind Hackfleisch frisch";1920;53;0,3;90;20;3731
"Sülzkotelett";1366;39;2,7;61;56;1072
"Gänseleberkäse getrüffelt";21934;94;2,6;4229;242;2892
"Pommes frites mit Ketchup";1006;17;3,4;148;115;427
"Mango tiefgefroren";417;10;2,1;125;31;42
"Zwiebeln gebraten (zubereitet ohne Fett)";232;44;1,9;46;132;193
"Schnittkäse Vollfettstufe";305;117;36;102;41;3869
"Zucker braun Rohzucker";0;20;0;54;20;60
"Schinkenwurst Krakauer Art roh";1212;51;1,1;76;78;2212
"Quark mit Kräutern Fettstufe";1722;38;8;116;735;657
"Pastete im Brotteig";1104;59;2,4;59;89;1884
"Schwein Leber gegart";19531;345;16,7;1210;365;7178
"Lauchzwiebel roh";1200;40;2;80;230;1000
"Kartoffelpüree (Zubereitung Gastronomie)";304;18;4,8;69;104;350
"Aprikose Konfitüre";439;4;0,2;61;71;52
"Klarer";11;0;0;11;0;4
"Gerste Perlgraupen";2000;240;1;400;1300;2100
"Lakritze";2846;23;0,5;86;721;648
"Westfälische grobe Mettwurst";1103;59;2,5;72;99;1961
"Helle Zungenwurst Konserve";1554;44;2,4;112;81;1774
"Schalotte roh";1200;40;3;50;100;400
"Cornflakes mit Zucker, Honig geröstet";1945;49;1;190;48;289
"Haferdrink";400;0;22,5;0;400;300
"Spargel weiß gegart";545;48;6,7;165;103;336
"Sojaerzeugnisse";10043;362;6;1205;2722;4200
"Marmorkuchen aus Rührmasse";1160;70;4,1;141;210;776
"Weichkäse aus Ziegenmilch (45% Fett i. Tr.)";300;100;20;70;30;3000
"Landjäger";1214;46;1,2;83;61;2169
"Zuckererbsen frisch";2000;27;4;200;400;4100
"Weizen Grieß gegart";111;7;0;17;66;347
"Feldsalat frisch";2000;100;35;110;200;540
"Hafer ganzes Korn roh";5800;95;8;410;3000;3204
"Weißbrot-Weizentoastbrot";1155;42;3,3;188;528;981
"Walnüsse";2500;680;3;880;1970;2700
"Konfitüre Gelee Marmeladen";366;3;1;47;30;58
"Kiwi frisch";800;10;1,6;120;50;450
"Haselnusspastete";1644;51;2,4;184;624;1791
"Lachs tiefgefroren";1000;30;34;200;20;800
"Pumpernickel";2661;102;4,4;301;2287;2409
"Kaiserjagdwurst Konserve";931;50;2,2;60;86;1627
"Mais-Vollkornfladenbrot";1565;46;3,3;137;274;1396
"Honig";1300;40;0,5;90;30;350
"Vollkornbrot mit Sonnenblumenkernen";2811;101;4,8;382;2283;2520
"Schaf Muskelfleisch";1770;20;0,7;120;24;4060
"Rind Lunge frisch";7500;50;6;260;100;1610
"Pak Choi frisch";600;15;0,3;20;280;340
"Champignon frisch";1186;31;18;400;89;540
"Knoblauchwurst einfach";1115;33;1,1;81;40;2052
"Wurzelpetersilie frisch";850;80;1;200;150;180
"Apfel Fruchtsaft";260;10;1;59;120;120
"Beerenobst";500;14;1;83;104;55
"Pecannuss frisch";2400;140;5;1100;4000;5300
"Schweinefilet im Netz                   ";1341;59;3,7;94;240;1775
"Geflügelwiener Würstchen";943;42;1,7;111;73;1506
"Spekulatius aus Mürbeteig";1722;76;2,3;187;487;958
"Geflügelgalantinen                     ";5832;123;3,5;484;177;3198
"Mosaik-, Schachbrettpastete und andere";5593;50;2,4;84;89;1673
"Kresse frisch";2900;24;2;130;350;150
"Banane frisch";550;20;2,8;130;530;220
"Rumpsteak (Zubereitung Großküche)";3163;137;0,1;100;30;5727
"Linsen reif frisch";7500;26;0,7;715;1400;3730
"Oliven";1600;30;4,5;250;58;150
"Müsli";3342;68;3,4;453;2961;2548
"Kokosflocken aus Fondant";968;15;0,3;103;351;210
"Gouda mind. 10% Fett i. Tr.";280;115;11,8;40;40;4250
"Gelee einfach";362;3;1;48;30;59
"Tomatensoße italienisch (Zubereitung Großküche)";1615;29;1,6;155;386;431
"Kohlrabi frisch";900;10;1,4;120;130;260
"Kokosnuss";2250;10;1,2;0;1310;785
"Obstsalat süßsauer (Zubereitung Haushalt)";412;18;1,4;119;173;177
"Kalbfleischsülze";1648;18;1,3;104;31;2558
"Salami ungarische Art";1068;55;2,5;72;95;1849
"Muffins mit Schokolade";2835;49;3,1;732;659;1552
"Graubrot-Weizenmischbrot mit Sonnenblumenkernen";1905;66;2,7;324;1169;1442
"Aprikose - Marille";650;10;0,5;134;167;102
"Schinkenroulade";1194;62;1,2;75;92;2068
"Kartoffelsalat mit grüner Gurke und Mayonnaise (Zubereitung Gastronomie)";386;13;3,3;69;104;260
"Brötchen-Roggenbrötchen mit Sonnenblumenkernen";2365;104;4,2;468;1541;1987
"Leberwurst einfach";3880;68;3,5;194;101;2101
"Bohnen grün tiefgefroren gegart";773;12;3,3;89;374;349
"Vollkornbrot-Mehrkornvollkornbrot";2876;102;4,4;333;2241;2417
"Kalbfleisch-Pastete";1750;42;1,2;110;105;2492
"Hausmacher Blutwurst Konserve";16962;29;2,1;111;87;1117
"Salzstangen";700;0;0;0;0;500
"Mozzarella";154;0;165;0;0;2981
"Brathähnchen Leber frisch";9500;100;2,4;406;291;3210
"Rote Bete gegart";823;19;0;79;146;269
"Agavendicksaft";100;100;0;0;0;0
"Shiitakepilz frisch";440;50;10;300;150;500
"Mortadella Konserve";1064;53;2,7;88;96;1661
"Marmelade";366;3;1;47;30;58
"Griechischer Joghurt";700;0;7,9;200;500;700
"Rind Pökelfleisch gekocht ungeräuchert";1939;50;2,1;67;31;4125
"Rote Rübe Konserve abgetropft";661;22;1,6;88;134;315
"Schwein Nacken (Kamm) (fett) frisch gegart";2159;60;1,4;78;60;1455
"Hirsch Fleisch (mager) frisch";2310;30;0,6;170;20;3210
"Geflügelleberwurst";23420;132;5;4146;271;3792
"Haselnusspastete mit Mürbeteig";1181;49;2,4;197;712;1454
"Joghurt 10% mit Früchten";101;12;6;16;8;361
"Geflügelbierwurst";1467;56;2,2;140;92;2239
"Schwarze Graupenwürstchen";14378;85;2,4;206;362;1666
"Tofu frisch";1900;10;1;17;350;300
"Rotwein leicht";600;12;10;40;200;130
"Kürbiskern geröstet";4897;90;2,7;834;2771;6157
"Vollkornbrot mit Ölsamen";2811;101;4,8;382;2283;2520
"Linsen reif gegart";2644;10;0,4;208;523;1392
"Bratwurst (nicht umgerötet)";732;38;2,1;63;74;1214
"Amaranth roh";7590;50;2,5;777;2260;3180
"Brühwurst feingekuttert (umgerötet)";1044;55;2,8;72;102;1744
"Avocado";440;51;3;390;186;644
"Hirschsalami";2123;43;1,3;164;68;3043
"Cashewnuss geröstet und gesalzen";4022;126;11,2;2129;795;4658
"Geflügelknackwurst";943;42;1,7;111;73;1506
"Knacker einfach, Schüblinge einfach";706;37;2,1;60;62;1247
"Kiwi";800;10;1,6;120;50;450
"Erbswurst";1780;29;6;255;411;1622
"Schnittkäse aus Ziegenmilch (50% Fett i. Tr.)";230;0;24;0;0;3050
"Milzwurst";3817;55;2,4;101;69;2721
"Deutsche Salami";1061;55;2,5;73;101;1852
"Haferkleieflocken";4437;80;0,8;410;4934;3642
"Leinsamen";6750;67;2;1200;2260;4170
"Brötchen mit Sonnenblumenkernen";1565;45;3,2;281;593;1125
"Sonnenblumenöl";71;0;0;1;0;55
"Geflügelmortadella gebraten (zubereitet ohne Fett)";1331;16;45,3;54;43;2187
"Zwieback";1500;0;3,5;400;750;570
"Spaghetti gekocht, mit Butterflöckchen (Zubereitung Gastronomie)";460;34;0,6;52;267;617
"Sonnenblumenkern roh";5720;63;4;1890;2380;5760
"Macadamianuss roh";200;100;3;363;5500;1400
"Chicoree frisch";740;70;1;140;300;190
"Weiße Graupenwurst";1750;89;2,4;192;399;1482
"Mortadella süddeutsch, Zungenwurst";1899;56;2,6;149;83;1703
"Hüttenkäse Halbfettstufe";100;17;20;20;6;500
"Kasseler gebraten im Backofen ohne Fett";468;0;43,6;0;0;1318
"Whisky";30;0;0;20;15;50
"Margarine pflanzlich Linolsäure 30-50%";60;8;1,5;40;12;160
"Bohnen grün tiefgefroren";821;12;3,3;84;376;332
"Geflügelmortadella gekocht";1555;20;55,7;67;53;2688
"Studentenfutter mit Erdnüssen";1941;84;7,4;812;1439;1949
"Corned Beef";2500;130;3;240;31;4000
"Brötchen-Roggenmischbrötchen";1624;90;3,2;205;1408;1297
"Pfefferminztee (Getränk)";80;115;5;15;44;40
"Erbsen grün Konserve";1035;20;4;237;394;478
"Makrele roh Fischzuschnitt";1174;30;49,8;114;31;519
"Kürbiscremesuppe (Zubereitung Haushalt)";227;21;4,9;42;107;373
"Linsen-Eintopf (Zubereitung Gastronomie)";1462;23;3,2;141;229;1273
"Hafer Schrot";5800;95;6;470;3700;4500
"Chilischote rot frisch";1000;20;2;170;200;300
"Saure Sahne";100;12;12;25;4;430
"Papaya gegart";443;17;1,8;37;26;418
"Thunfisch Konserve in Öl, abgetropft";842;26;42,6;75;18;685
"Joghurt mit Magermilch angereichert teilentrahmt";60;16;9,5;15;6;460
"Zwiebelwurst";5136;98;2,4;493;155;2579
"Johannisbeere schwarz Konfitüre";625;11;0;61;130;121
"Pökelwaren Pökelfleisch";2026;52;2,2;70;32;4309
"Pfälzer Saumagen";1061;53;2,7;92;154;1663
"Roggenfladenbrot";2059;100;3,3;362;1428;1739
"Spitzpaprika grün";750;20;2,3;71;100;180
"Fleischwurst Pariser";1044;55;2,8;72;102;1744
"Kalbsleberwurst grob";4249;97;2,3;355;137;2641
"Erdnuss roh";1813;130;13;767;1604;2829
"Apfelmus (Zubereitung Haushalt)";376;8;2,1;87;48;110
"Buchweizenbrot";2283;53;3,3;242;1708;1678
"Heidelbeere tiefgefroren";773;2;1;101;877;113
"Schwein Schinken roh geräuchert (Lachsschinken)";1616;44;3,2;54;64;1189
"Graubrot-Roggenbrot mit Käse";2011;100;4,2;355;1390;1795
"Blumenkohl tiefgefroren";506;9;0,7;45;179;284
"Dinkelbrötchen";4036;33;1,2;459;1382;2018
"Cocktailtomaten";300;0;1,1;100;100;100
"Käsespätzle (Zubereitung Haushalt)";752;50;6,1;134;149;979
"Knäckebrot-Roggenbrot";3277;159;5;576;2272;2767
"Gurkensalat mit Joghurt (Zubereitung Haushalt)";414;19;3,6;69;130;229
"Müsli-Riegel";2180;24;2,3;598;2318;1450
"Schwein Rückenspeck";290;12;1;60;6;530
"Reisdrink";0;0;10,2;0;0;0
"Rostbratwurst";991;49;1,1;69;92;1670
"Traubenzucker";290;0;0;15;10;20
"Mungobohnen reif";9800;50;7;720;1200;2478
"Laugengebäck";1461;57;3;196;796;1336
"Rind Mark";150;4;0,3;20;2;200
"Erdbeerkonfitüre";537;9;0;54;89;57
"Brathähnchen Brustfilet gekocht";984;45;0,4;78;22;1163
"Tiroler";1508;67;1,2;76;99;2708
"Tomatensoße aus frischen Tomaten (Zubereitung Haushalt)";222;17;2,9;50;66;176
"Rind Milz frisch";9000;100;4;168;73;2110
"Auberginenscheiben gebraten (Zubereitung Haushalt)";487;22;1,2;97;216;320
"Getreideerzeugnisse Frühstückscerealien";3342;68;3,4;453;2961;2548
"Krakauer";1317;48;1,1;79;58;2413
"Grünkohl tiefgefroren";1875;20;12,1;55;543;326
"Aubergine frisch";420;20;0,8;90;190;280
"Porree frisch";1000;10;1,3;55;190;310
"Kidney-Bohnen Konserve gegart abgetropft";1369;15;0,5;120;303;680
"Grapefruit frisch";340;24;1,3;40;13;170
"Banane";550;20;2,8;130;530;220
"Stachelbeere frisch";630;11;0,1;95;40;100
"Bohne weiß frisch gegart";2478;38;0,5;210;687;1121
"Hanfsamen";10900;100;3,2;1900;3600;6700
"Rum";120;0;0;68;18;70
"Käsekuchen aus Mürbeteig";915;55;6,5;75;126;743
"Gänseleberpastete";10058;134;3,6;4881;307;3551
"Fleischwurst Konserve";834;44;2,6;72;72;1474
"Tomatensalat mit Essigmarinade und Zwiebeln (Zubereitung Haushalt)";479;26;1,7;55;127;167
"Bratwurst (Zubereitung Haushalt)";754;39;2,2;62;64;1187
"Touristenwurst einfach";1253;59;2,4;65;77;2105
"Buchweizen";3200;170;0,5;900;2000;2500
"Weizen Mehl Type 550";1002;50;0,7;140;687;781
"Thunfisch Konserve abgetropft";843;29;42,7;82;18;709
"Weißbrot-Weizenbrot";1258;41;2,2;171;485;877
"Rind Rücken (Roastbeef) (mager) frisch gegart";2807;84;0;93;27;4810
"Heidelbeere frisch";740;2;1,2;97;840;108
"Mischgemüse gedünstet (Zubereitung Großküche)";1340;25;8;126;286;493
"Rote Bete frisch";930;20;0,4;80;155;344
"Kapstachelbeere frisch";1300;15;1;115;350;110
"Grünkern";4200;60;0,6;260;3000;3500
"Weiße Lyoner";1013;53;2,7;69;99;1692
"Weiße Bohnen in Tomatensoße (Zubereitung Haushalt)";1051;26;2,7;145;273;531
"Erdnuss geröstet";2336;140;0,5;701;1778;3697
"Brötchen-Roggenbrötchen";2177;106;3,2;383;1510;1838
"Endivien frisch";1400;62;6,4;44;153;355
"Thüringer Rotwurst Konserve";7286;90;2,7;157;113;2596
"Leinöl";0;0;0;0;0;0
"Basmatireis ungekocht";292;30;6,2;251;702;303
"Leberwurst grob";6105;136;2,3;503;183;3385
"Rote Bete Gemüsesaft";870;20;0;79;154;339
"Kolbacz";884;44;2,1;61;73;1461
"Hefezopf aus Hefeteig fettarm";1136;46;4,1;126;283;792
"Johannisbeere schwarz frisch";1200;29;1;141;336;293
"Fischstäbchen (Zubereitung Haushalt)";435;42;124,6;166;128;688
"Eisbergsalat frisch";500;100;2;28;151;220
"Geflügelsalami fettarm";1328;43;3,8;154;86;2528
"Gesülzter Hackbraten";1306;49;2,5;79;66;2207
"Graubrot-Weizenmischbrot mit Sauermilch";1698;65;3,3;230;1119;1292
"Preiselbeere Konfitüre";367;15;2;72;102;83
"Tomatensuppe (Zubereitung Haushalt)";445;20;3;49;60;157
"Gerste Graupen";2000;240;1;400;1300;2100
"Kräutertee (Getränk)";80;115;5;15;44;40
"Kalb Muskelfleisch";2100;20;0,1;113;29;3230
"Vollkornmehl";3400;90;2,7;630;3100;3400
"Grünkern Schrot";4200;60;0,6;260;3000;3500
"Oliven schwarz";1600;30;4,5;230;50;150
"Geflügelwiener Würstchen erwärmt";1027;46;1,9;121;79;1640
"Jagdwurst (Süddeutsche und Norddeutsche)";931;50;2,2;60;86;1627
"Margarine";60;8;1,5;40;12;160
"Sauerkraut Konserve abgetropft";423;44;3,1;131;120;292
"Grünkohl frisch gegart";1254;16;9,7;47;436;218
"Französische Schweinefleisch-Terrine";1404;62;2,4;86;177;1939
"Cabanossi";1275;49;1,2;80;63;2151
"Couscous gekocht";1188;41;1,5;177;558;1137
"Butterkäse";400;140;35;120;50;4000
"Rind Fett";320;0;0;80;1;0
"Orange, Apfelsine";400;5;2,1;67;29;100
"Sojaeiweiß texturiert (""Sojafleisch"")";12500;120;0,8;2500;4000;4400
"Wollwurst, Geschwollene";732;38;2,1;63;74;1214
"Lachs frisch";1000;30;34;200;20;800
"Bierschinken Konserve";953;52;2,1;56;86;1697
"Bauernleberwurst";5782;126;2,2;471;175;3091
"Fleischkäse im Teigmantel";1122;58;3,5;100;187;1557
"Bratwurst geräuchert";1221;64;2,4;71;106;2166
"Milchschokolade Vollmilch-Nuß";2380;41;11,7;686;723;1527
"Basmatireis gekocht";141;16;4,1;97;253;920
"Vollkornteigwaren";3900;40;1,9;510;264;3000
"Brie";300;100;20;70;30;2600
"Pistazie geröstet und gesalzen";3041;109;5;1002;608;1746
"Magerquark";400;17;10;17;7;600
"Pistazie geröstet";3100;110;4,7;1020;616;1780
"Milchspeiseeis Vanille";66;14;5,8;19;5;285
"Rindergulasch ""deutsche Art"" (Zubereitung Haushalt)";1387;44;2,4;64;56;1986
"Zwiebelleberwurst einfach";3880;68;3,5;194;101;2101
"Spinat tiefgefroren gegart";3596;116;12,4;133;499;513
"Waldpilze";890;50;10;300;160;500
"Rind Steak (mager) frisch gegart";2807;84;0;93;27;4810
"Leberwurst Aachener Frankfurter";6356;129;2,2;513;197;3127
"Kidney-Bohnen";6400;12;1;680;1200;3000
"Milchspeiseeis";66;14;5,8;19;5;285
"Dinkelvollkornbrötchen";6581;35;1,4;592;2044;2662
"Grahambrötchen";1501;45;2,1;194;708;1032
"Sojabohnen reif frisch gegart";4014;153;2,8;397;1152;1777
"Schokoladenpudding mit Vanillesoße (Zubereitung Großküche)";374;14;5,7;87;56;410
"Kaffee mit Milch und Zucker (Getränk)";197;1;1,2;99;76;22
"Erythrit";0;0;0;0;0;0
"Maultaschen ""schwäbisch"" (Zubereitung Haushalt)";1420;55;4;96;236;1050
"Teigwaren aus Hartgrieß";1500;40;0,6;300;860;1500
"Leberwurst fein";7054;145;2,2;595;188;3442
"Margarine halbfett Linolsäure <30%";30;15;1,5;3;12;47
"Semmelbrösel";1200;60;2,8;120;600;900
"Linsen gekeimt frisch";3200;13;0,3;350;506;1510
"Tahini aus rohem Sesam";2510;30;5;1680;1200;4640
"Edelkastanien (Marone) gegart";1177;10;0,1;169;787;472
"Gemüsepaprika grün frisch";750;20;2,3;71;100;180
"Vollkornbrötchen mit Sonnenblumenkernen";2842;69;4;445;2250;2224
"Wurstkuchen mit Mürbeteig";1093;76;9,4;98;163;1645
"Meerrettich frisch";1400;35;1;140;460;1400
"Pommes frites mit Mayonnaise";957;11;3,5;101;105;472
"Vollkornbrot-Weizen, Roggenvollkornschrottoastbrot";3035;86;4,4;361;2275;2227
"Heidelbeere Konfitüre";456;1;0;45;316;52
"Linsensuppe (Zubereitung Haushalt)";1164;21;2,9;115;201;929
"Gorgonzola";300;150;40;100;200;2600
"Miso";1700;30;3;50;1400;500
"Brühwurst mit Fleischeinlage (nicht umgerötet)";3817;55;2,4;101;69;2721
"Geflügelmortadella fettarm";1230;15;41,9;50;40;2020
"Schweinebauch in Aspik";2203;21;2,6;92;34;2293
"Linsen reif Konserve";1876;15;2;204;351;1003
"Trüffelmosaikpastete";5593;50;2,4;84;89;1673
"Frikadelle (Zubereitung Großküche)";1827;68;1,8;96;90;3042
"Mais";1500;62;2,6;200;480;2500
"Dosenschinken";1128;60;3,6;59;75;1851
"Champignonpastete";1498;56;4;111;100;1758
"Kichererbsen";2950;27;4;340;1210;1420
"Sardine Konserve in Öl, abgetropft";2700;530;96;40;110;1434
"Eierpastete";1537;61;4;97;92;1656
"Pflaumen frisch";440;2;1;95;80;70
"Gurke";500;20;2,5;90;150;160
"Landjäger Würste";1214;46;1,2;83;61;2169
"Rotkohl Konserve gegart";270;14;6,1;51;77;172
"Buschbohnen grün frisch";830;12;3;84;380;336
"Plockwurst";2059;74;1,6;118;93;3883
"Rote Rübe frisch";930;20;0,4;80;155;344
"Putenschnitzel ""italienische Art"" (Zubereitung Gastronomie)";967;45;3,8;100;73;1331
"Leinsamen geschrotet";6827;68;2;1214;2286;4218
"Lebkuchenteigbackwaren";2325;52;3,3;322;2461;1168
"Champignonpastete mit Mürbeteig";847;48;3,6;107;120;1142
"Schweinegrillschnitten                   ";1738;65;2,5;82;235;2040
"Schwein Filet (mager) frisch";1090;59;1;53;77;2000
"Filetblutwurst";10310;46;2,4;91;66;1598
"Hanfnussöl";1000;0;0;0;0;100
"Apfel-Streuselkuchen aus Mürbeteig fettreich";584;33;2,2;98;124;291
"Hühnerei Vollei";2100;110;10;140;30;1350
"Sardine Konserve abgetropft";2015;298;27,3;144;105;1351
"Cervelatwurst";1419;58;1,3;85;97;2461
"Kalbfleischwurst";1084;30;2,4;82;51;1655
"Hirse roh";6900;50;2,5;610;1107;2867
"Eisbergsalat";500;100;2;28;151;220
"Petersilienblatt frisch";5500;110;15;520;2700;900
"Mandelmus";3700;85;1;800;1900;2400
"Paranuss";3400;120;0,1;1300;600;4000
"Zander tiefgefroren";754;120;4;95;90;800
"Brie Vollfettstufe";300;100;20;70;30;3000
"Erdnussbutter, -mus";2000;20;0,5;700;1610;3000
"Fenchel";0;0;0;0;0;220
"Lamm Leber roh";7370;100;5;6979;320;3900
"Quark";400;17;10;17;7;600
"Apfelkuchen aus Rührmasse";768;39;3,2;103;125;442
"Kuhmilch Trinkmilch fettarm";50;15;7,5;10;2;400
"Puderzucker";290;0;0;15;10;20
"Brathähnchen Schenkel roh";1800;40;0,4;250;20;1600
"Pökelwaren Eisbein";1348;51;3,2;56;74;1947
"Granatapfel frisch";500;20;1,5;70;130;280
"Dinkelbrot (Vollkornbrot)";4178;34;1,2;475;1430;2088
"Distelöl (Safloröl)";0;0;0;0;0;0
"Pute frisch";1400;40;1,5;100;35;2000
"Chinakohl frisch gegart";476;15;0;20;267;270
"Bleichsellerie Gemüsesaft";462;69;0;118;99;108
"Zwetschge Konfitüre";331;1;0;46;43;49
"Hering frisch Fischzuschnitt";1100;350;28,2;320;20;990
"Erbsen grün tiefgefroren gegart";1659;25;4,3;382;629;759
"Milchreis (Zubereitung Gastronomie)";198;23;5,9;40;402;408
"Reisbrot";2164;45;2,2;269;1411;1361
"Weizenkeimöl";100;0;0;1;1;3800
"Pinienkern";9200;50;2;1030;4300;4250
"Dattel frisch";1900;20;1;300;150;340
"Hirse Korn geschält roh";6900;50;2,5;610;1107;2867
"Edelkastanien (Maronen) geröstet";1221;9;0,1;211;688;462
"Tee grün (Getränk)";20;115;0,3;30;690;381
"Schlackwurst";1252;49;1,1;79;72;2304
"Brathähnchen Brustfilet gebraten (zubereitet ohne Fett)";1250;48;0,5;159;24;1244
"Graubrot-Roggenmischbrot mit Sonnenblumenkernen";1744;85;3,8;285;1368;1395
"Wassermelone roh";225;11;1;28;32;83
"Knäckebrot-Roggenmischbrot mit Leinsamen";2884;134;6;320;2090;1953
"Rind Niere frisch";9500;200;4,2;434;100;2082
"Porree frisch gegart";839;10;1,1;58;191;261
"Kartoffeln ungeschält roh";890;10;3,4;99;106;423
"Haselnuss geröstet";3131;0;0,9;1456;3148;1896
"Dattel";1900;20;1;300;150;340
"Kümmelwurst Rohwurst";1054;43;1,1;71;58;1925
"Thüringer Rotwurst";7291;77;2,3;141;98;2302
"Mandeldrink ungesüßt";100;0;4,3;0;0;100
"Reis Kleie";19400;5;2,2;100;500;500
"Kartoffelsuppe (Zubereitung Haushalt)";402;16;3,7;58;74;221
"Buchweizenvollkornbrot";2416;81;3,3;428;1886;1908
"Burgunder Schinken in Aspik";1194;63;1,3;67;118;2105
"Sesam geröstet";9104;55;9,1;1327;1332;7075
"Zungenpreßkopf";2312;37;2,7;151;93;2162
"Preßköpfe";1177;63;1,5;76;110;2055
"Kasseler Kamm roh geräuchert";2500;20;1,2;24;28;516
"Glühwein";573;11;7,1;37;149;114
"Walnussöl";0;0;0;0;0;0
"Kokosnuss Mehl";3000;0;6;800;2100;1500
"Fladenbrote";1258;41;2,2;171;485;877
"Graubrot mit Käse";1500;86;4,2;191;1295;1295
"Schinkenpreßkopf";1085;58;1,4;61;112;1900
"Graubrot-Roggentoastbrot";2469;104;4,4;461;1419;1915
"Hirse Flocken";6900;50;2,5;610;1107;2867
"Frühstücksfleisch";1031;52;2,3;67;88;1697
"Moosbeere frisch";900;50;2;140;100;200
"Saure Sahne 20 % Fett";100;11;11;23;4;400
"Olivenpastete";1532;51;2,7;108;89;1448
"Hühnerei Vollei frisch";2100;110;10;140;30;1350
"Cabanossi (Brühwurst)";1201;44;1,1;77;55;2096
"Gemüsepaprika rot";550;20;1;80;100;260
"Gewürfelte Zungenwurst Konserve";2601;46;2,6;163;72;2619
"Lasagne al forno (Zubereitung Gastronomie)";1266;44;4,6;85;113;1238
"Straßburger Gänseleberwurst";23249;132;3,7;4160;273;3706
"Joghurt teilentrahmt";50;16;7,5;12;3;370
"Garnele frisch";1700;100;130;264;50;2300
"Brühwurst";787;42;2,4;63;72;1289
"Spitzpaprika rot";550;20;1;80;100;260
"Zungenwurst hell";1554;44;2,4;112;81;1774
"Kaffee mit Kondensmilch und Zucker (Getränk)";199;1;1,4;99;76;33
"Rinderbierschinken";1921;63;1,2;93;63;3698
"Geflügelfleischkäse gekocht";1281;64;2,7;167;89;2317
"Hafer Vollkornflocken";4437;80;0,8;410;4934;3642
"Zuckermelone - Honigmelone";200;9;2;46;43;190
"Füllung für Spanferkel";6947;127;3,7;577;239;3123
"Getrüffelte Zungenpastete";1623;44;3,6;129;114;1599
"Gurke frisch";500;20;2,5;90;150;160
"Casein";0;5;3;20;2;160
"Schwein Speck und Schinken";1122;55;1,1;51;72;1956
"Makrele geräuchert";1030;130;13;0;0;832
"Zungenblutwurst";11317;28;2,4;179;70;1974
"Lupinenmehl";4600;0;14,7;1100;2500;5000
"Eiscreme";169;38;13;94;13;521
"Wurst";1481;57;1,3;87;82;2741
"Pastinake roh";710;10;3,6;140;400;850
"Olivenöl";100;0;5;70;0;60
"Schinken-Käsesülze";932;61;7,8;74;72;1817
"Kartoffelstärke Mehl";1800;2;1;130;100;150
"Mandeldrink gesüßt";100;0;4,3;0;0;100
"Füllung für Kalbsbrust";1345;58;3,7;102;116;1866
"Blattspinat gegart";3810;123;13,6;141;529;543
"Erdbeere frisch";960;24;1;120;225;120
"Tilsiter";400;115;30;100;40;3800
"Graupenblutwurst";14170;81;2,3;202;354;1539
"Schupfnudeln (Zubereitung Haushalt)";768;32;4,4;104;173;602
"Kasseler Rippenspeer roh geräuchert";1528;44;2,6;50;61;1134
"Limette Fruchtsaft";214;8;0;60;36;100
"Blumenkohl gedämpft";458;10;0,8;50;199;285
"Putenbrust gebraten, mit Soße (Zubereitung Großküche)";799;29;3,4;112;67;893
"Preßsäckel";1177;63;1,5;76;110;2055
"Vollkornbrot-Roggenvollkornbrot";2661;102;4,4;301;2287;2409
"Sauermilchkäse (Harzer) Magerstufe";300;17;10;17;7;1900
"Mandel süß Mehl";3220;93;1,1;934;1878;3267
"Rettich weiß frisch";800;30;8;37;50;265
"Pute Brust frisch";1000;40;1,5;130;30;1800
"Zwiebeln";221;42;1,8;44;126;184
"Grapefruit Fruchtsaft";331;25;1;41;13;173
"Orange Fruchtsaft";395;5;2,1;69;29;103
"Cabanossi Konserve";1201;44;1,1;77;55;2096
"Puffreis";1060;30;2;170;1500;1030
"Kartoffeln ungeschält roh gegart mit Küchenabfall";682;8;2,7;76;86;324
"Blumenkohl gekocht";380;10;0,8;46;80;233
"Walnuss europäisch";2500;680;3;880;1970;2700
"Rind Herz frisch";5130;60;30;410;60;2000
"Sardelle Konserve";2554;270;25;174;59;1370
"Hühnerei Eiweiß frisch gegart";151;77;6;118;38;20
"Konfitüre, Marmelade mit Fruchtzucker für Diabetiker";195;10;1;46;26;70
"Schinkentorte";1446;56;6,6;113;325;1520
"Sülzwürste";1564;64;2,7;106;104;2048
"Wiener Würstchen Konserve";909;43;2,4;66;68;1638
"Fenchelgemüse gedünstet (Zubereitung Haushalt)";2754;50;6,7;64;328;385
"Skyr";100;0;10;0;0;500
"Bierschinken-Pastete";1180;63;2,4;87;133;1750
"Parmesan";600;160;40;200;40;3600
"Köhler tiefgefroren gegart";510;42;156,1;54;18;720
"Rotkohl frisch gegart";381;11;5,1;41;91;182
"Bierschinken, Schinkenpastete";953;52;2,1;56;86;1697
"Brötchen-Weizenbrötchen";1325;43;2,1;180;511;924
"Curry-Bratwurst";781;38;2,1;62;82;1218
"Ricotta Vollfettstufe";380;90;10;700;25;1160
"Rind Gulasch (mager) frisch gegart";3322;85;0;87;24;6324
"Fleischwurst, Stadtwurst";776;39;2,2;61;66;1288
"Mettwurst grob";895;47;2,1;61;84;1573
"Schwartenmagen";4134;104;6,7;249;239;6347
"Brötchen mit Milch";1321;44;3,1;171;505;1007
"Pute Truthahn gegart";1326;38;1,4;95;34;1894
"Frischkäse Doppelrahmstufe";80;13;8;13;6;390
"Edamer";300;115;35;100;40;3800
"Seitan (braun)";311;16;9,2;68;170;260
"Bismarckhering Konserve, abgetropft";1127;230;2,6;208;78;775
"Tatar (Schabefleisch) frisch";2160;10;3;88;22;4290
"Moosbeere";900;50;2;140;100;200
"Pfälzer, Augsburger, Regensburger";1201;44;1,1;77;55;2096
"Weißer Fleischkäse";721;40;2,3;61;64;1295
"Schwein Rücken (Kotelett) (mittelfett) frisch gegart";2336;66;1,4;77;65;1541
"Bratkartoffeln (Zubereitung Gastronomie)";381;17;4,1;79;117;311
"Xylit";0;0;0;0;0;0
"Suppenhuhn Klein frisch gegart";1559;39;1,3;269;148;2951
"Brötchen-Weizenmischbrötchen";1794;69;2,1;246;1184;1341
"Pizza tonno (Zubereitung Gastronomie)";1091;49;5,9;138;425;560
"Haferflocken";4437;80;0,8;410;4934;3642
"Kondensmilch 10 % Fett";140;35;20;33;14;1000
"Mettwurst schnittfeste Gruppe";1160;46;1,1;76;65;2148
"Reisnudeln";700;0;0;78;498;740
"Kalbfleisch-Galantine";2501;26;1,2;137;44;3842
"Kabeljau frisch Fischzuschnitt";440;28;170;230;17;500
"Spätzle (Zubereitung Gastronomie)";754;35;2,3;77;169;554
"Wildbret-Galantine                     ";2499;42;1,2;133;59;2770
"Champignon Konserve gegart abgetropft";902;41;18,9;384;70;493
"Sprotte frisch";1900;350;55;80;27;1500
"Buchweizen Vollkorn";3100;170;0,6;700;3000;4000
"Rührei (Zubereitung Haushalt)";1623;93;9,7;117;27;1117
"Bratensoße dunkel Konserve";615;24;3;56;56;758
"Weizen Vollkornmehl";3400;90;2,7;630;3100;3400
"Puffmais";1700;30;0,5;170;320;1700
"Steinpilz frisch";1000;60;10;230;170;700
"Rucola roh";1425;22,8;1,9;133;475;380
"Rind, Schwein Hackfleisch frisch";1510;51;0,6;75;37;2896
"Knäckebrot-Roggenmischbrot mit Sesam";3007;133;6;394;2107;2387
"Spiegelei (Zubereitung Haushalt)";2002;113;10;141;32;1297
"Trinkmilch mit Kakao, Schokolade";372;27;6;156;265;552
"Kalbskopf im Darm                     ";3268;33;1,2;814;82;3314
"Ziegenmilch";70;15;4,1;35;10;350
"Graubrot-Roggenbrot mit Schrotanteilen";2146;100;3,3;359;1525;1817
"Croissant aus Blätterteig";1025;49;3,9;168;444;945
"Spitzkohl frisch";500;12;5;70;200;200
"Melassesirup dunkel";9200;100;0;430;20;900
"Weißkohl frisch gegart";389;11;5,2;32;93;164
"Kakaobohne, -masse";12500;120;2,8;3807;3000;5727
"Schwein Bauch (mittelfett) frisch";978;51;1;57;64;1794
"Maisbrötchen";2694;53;3,2;278;1418;1871
"Rind Bratenfleisch (mager) frisch gegart";3322;85;0;87;24;6324
"Kartoffelpuffer (Zubereitung Gastronomie)";573;22;5,5;99;148;448
"Sojabohnen reif frisch";10000;360;6,3;1200;2710;4182
"Weichkäse";300;100;20;70;30;3000
"Emmentaler Vollfettstufe";300;160;40;655;40;4600
"Johannisbeere schwarz tiefgefroren";1249;30;1;147;350;305
"Hefe-Weizenbier obergärig";1;1;1;40;30;20
"Rohwurst";971;50;2,3;67;81;1638
"Hafer";5800;95;8;410;3000;3204
"Brötchen mit Rosinen";1239;41;2,1;173;491;855
"Weißbrot-Toastbrot";1155;42;3,3;188;528;981
"Mandelmus pur";3700;85;1;800;1900;2400
"Grahambrot";2671;66;3,3;370;2141;2029
"Schlagsahne 40% Fett";60;10;6;18;3;270
"Rind Steak (mittelfett) frisch gegart";2761;83;0;95;27;4711
"Sülzen und Aspik";1648;18;1,3;104;31;2558
"Rosenkohl frisch";1100;10;0,7;65;260;590
"Vollkornbrot-Weizen, Roggenvollkornbrot";2769;83;4,4;343;2315;2247
"Haselnuss";3430;0;1;1600;3460;2080
"Hähnchenbrust paniert gebraten (zubereitet ohne Fett)";949;51;8,7;64;149;1004
"Sesam";10000;60;10;1460;1465;7775
"Graubrot-Haferbrot";2586;78;3,3;324;1775;1880
"Knoblauch gegart";1297;55;2,9;160;501;555
"Joghurt vollfett mit Fruchtzubereitung";107;13;6;17;8;383
"Rind Muskelfleisch";2160;60;0,1;88;22;4290
"Fleischkäse";818;43;2,5;69;72;1445
"Paprikaschoten frisch";750;20;2,3;71;100;180
"Kalbsleberwurst";7448;148;2,3;622;193;3758
"Graubrot-Roggenbrot mit Sonnenblumenkernen";2242;99;3,8;444;1461;1884
"Big Mac (Zubereitung Gastronomie)";1533;55;5,7;117;216;1539
"Broccoli frisch gegart";1175;10;14,9;128;249;611
"Grüne Bohnen gedünstet (Zubereitung Haushalt)";789;14;3,4;85;356;320
"Kartoffelwurst";780;34;2,4;85;113;1191
"Schwein Schinken";1128;60;3,6;59;75;1851
"Birne";260;12;1;90;50;230
"Schwarzwälder Kirschtorte";743;35;5,3;119;132;514
"Champignonleberwurst";6545;135;4,5;583;181;3187
"Bergkäse Vollfettstufe";300;160;40;200;40;5100
"Grützblutwurst";10268;45;2,4;155;547;1991
"Hausmacher Leberwurst Konserve";7378;146;3,1;630;165;3411
"Buchweizen Grieß";2000;80;0,5;700;1500;2500
"Paranuss frisch";3400;120;0,1;1300;600;4000
"Schafsmilch";90;20;10;95;16;500
"Schlagsahne 10% Fett";141;13;12;23;4;411
"Colagetränke (coffeinhaltig)";30;15;1,8;30;35;10
"Schweinekümmelmagen";1132;58;1,4;65;125;1894
"Geflügelmortadella gebacken";1331;16;45,3;54;43;2187
"Lachs geräuchert";947;33;37,9;201;22;891
"Gewürzgurken Sauerkonserve";412;19;2;72;142;138
"Parmesan Vollfettstufe";600;160;40;200;40;3600
"Brombeere frisch";900;24;0,4;108;849;190
"Marzipan";1538;29;0,7;286;624;875
"Vanillepudding (Zubereitung Großküche)";239;15;5,9;27;6;350
"Kaffee mit Milch (Getränk)";195;1;1,2;100;78;22
"Bregenwurst";8256;50;2,6;348;83;2295
"Ahornsirup";1200;80;0;74;3298;4160
"Edelkastanien (Maronen) Mehl";2199;17;0,2;383;1250;833
"Zucker";290;0;0;15;10;20
"Weizen Mehl Type 405";567;50;7,4;106;395;512
"Schokolade weiß";280;22;12;28;18;571
"Gefüllte Kalbsbrust";3151;41;5,4;172;172;3074
"Kartoffelbrei, Kartoffelpüree (Zubereitung Haushalt)";300;14;4,5;71;103;330
"Kohlrabi gegart";816;10;1,1;122;125;208
"Buchweizen gegart";1258;67;0,4;354;786;934
"Vanillezucker";290;0;0;15;10;20
"Röstbrotwürfel";1700;90;7;160;500;600
"Schinkenwurst";982;51;2,6;77;91;1598
"Vollkornbrot-Weizenvollkornbrot";2671;66;3,3;370;2141;2029
"Tiroler Schinkenwurst";1508;67;1,2;76;99;2708
"Leberpreßsack";5580;119;2,2;469;157;2964
"Milchschokolade";2300;50;5,5;1300;260;2000
"Rinswurst Konserve";1990;58;1,3;111;40;3657
"Quark Vollfettstufe";90;15;9;15;6;500
"Hausmacher Blutwurst";16962;29;2,1;111;87;1117
"Mischgemüse gedünstet, in Butter geschwenkt (Zubereitung Gastronomie)";1590;51;9,2;144;338;568
"Schinkenwurst roh";955;48;2,2;63;95;1615
"Kaffee (Getränk)";200;0;1;103;80;10
"Granatapfel Fruchtsaft";493;21;1;72;131;288
"Rote Rübe frisch gegart";823;19;0;79;146;269
"Radicchio frisch";1500;32;3,3;50;350;200
"Schwein Speck durchwachsen roh geräuchert";1030;48;1,1;54;61;1794
"Herzwurst";1899;56;2,6;149;83;1703
"Kalbfleischpastete";1795;44;1,2;113;108;2558
"Schokoladenkuchen aus Rührmasse";1566;42;3,1;300;402;993
"Geflügelfleischkäse";995;47;2;123;66;1710
"Kichererbsen reif gekocht";2745;16;9,2;262;987;1391
"Möhrensalat mit Zitronenmarinade (Zubereitung Haushalt)";1075;15;7;79;124;321
"Kochwurstpasteten";2433;45;1,3;154;46;3044
"Haferflocken gegart";1109;20;0,2;102;1234;865
"Blutorangen";186;5;0,8;51;35;63
"Weißbrote";1258;41;2,2;171;485;877
"Pecannuss geröstet";2100;128;4,7;1200;4560;5500
"Rotkohl Konserve";284;11;4;36;60;172
"Schwein Schnitzel (mittelfett) frisch";1090;59;1;53;77;2000
"Weizenfladenbrot";1258;41;2,2;171;485;877
"Getreideflocken";4606;37;4;530;4544;4060
"Geflügelbockwurst";999;47;2;123;69;1710
"Mangold frisch";2700;60;1;77;300;343
"Walnuss frisch";2500;680;3;880;1970;2700
"Brötchen-Haferbrötchen";2731;82;3,2;342;1875;1986
"Pistazie";7300;120;5;1180;464;810
"Jagdwurst Pastete";1066;58;3,6;80;123;1512
"Schwarzwälder Bauernwürstle";1043;55;2,4;69;90;1862
"Zuckermais Konserve abgetropft";400;22;4,8;72;175;850
"Mozzarella 30% Fett i. Tr.";100;0;150;0;0;2700
"Rotwein mittel Qualitätswein";600;12;10;40;200;130
"Kokosblütenzucker";3600;0;0;0;0;200
"Fischstäbchen paniert tiefgefroren";470;38;177;170;118;635
"Hühnerei Eiweiß";200;80;6,8;130;40;20
"Kartoffelchips (verzehrsfertig)";2300;30;10;730;460;972
"Blutpreßsack";7068;55;2,4;80;129;1815
"Broccoli gegart";1175;10;14,9;128;249;611
"Buchweizen Vollkornmehl";2200;70;2,5;900;2000;2500
"Weißkohl frisch";500;12;5,2;33;100;210
"Debreziner";1233;49;1,1;76;61;2137
"Natürliches Mineralwasser still";2;30;0,6;4;21;6
"Regenbogenforelle frisch";690;30;3,2;153;30;1090
"Buttermilch";100;20;5;10;4;500
"Joghurt mit Müsli";556;22;7;78;448;743
"Schwein Bratenfleisch (mittelfett) frisch gegart";2411;107;1,4;114;16;3947
"Matjeshering frisch Fischzuschnitt";1300;340;56;440;20;900
"Chili con carne (Zubereitung Haushalt)";864;22;1,5;78;101;931
"Eierteigwaren gegart";452;29;0,4;51;261;602
"Heidelbeere";740;2;1,2;97;840;108
"Gänsepresskopf";897;32;2,9;77;103;1681
"Bratkartoffeln (Zubereitung Haushalt)";372;13;3,7;75;103;293
"Erdnussmus";1800;131;13,1;530;1750;2600
"Rind Fett (Talg)";320;0;0;80;1;0
"Kürbissuppe (Zubereitung Haushalt)";373;16;3,7;55;135;130
"Schwein Speck gekocht geräuchert";1359;64;1,4;68;68;2242
"Rind Steak (mittelfett) frisch";1963;59;0,1;80;22;3978
"Rinderleber gebraten (Zubereitung Haushalt)";7146;138;13,5;3199;280;4925
"Schnittsalat (Blatt- Pflücksalat)";1400;100;3,5;100;250;500
"Kalbsleberwurst Konserve";7448;148;2,3;622;193;3758
"Hanfsamen geschält";5900;100;1,8;1100;2000;3700
"Mais Grieß";1000;60;2,5;75;106;410
"Butterkeks";1594;79;9;160;770;1417
"Sesamöl";100;0;0;0;0;0
"Buchweizenbrötchen";2403;56;3,2;255;1798;1766
"Weizen Grieß";1000;60;0,3;150;600;3300
"Geflügelteewurst";910;14;42,8;50;30;1800
"Broccoli frisch";1300;10;15;126;260;605
"Rosenkohl frisch gegart";775;8;0,9;58;220;416
"Tilsiter Vollfettstufe";400;115;30;100;40;3800
"Kantalupe roh";200;10;2;46;47;109
"Dinkel Vollkornmehl";9680;25;0,8;460;3261;3363
"Batate (Süßkartoffel) gegart";646;17;2,4;125;244;222
"Kaiserbrötchen";1794;69;2,1;246;1184;1341
"Pommes Frites tiefgefroren gebacken";552;12;4;86;93;420
"Broccoli tiefgefroren";1288;10;15,4;124;258;600
"Chiasamen";6800;100;2;1200;2300;4200
"Rind, Schwein Hackfleisch gegart";2155;72;1,5;102;45;3913
"Weizen Vollkorn";3309;90;2,7;459;3665;2690
"Brühwurst grobgekuttert (umgerötet)";1106;43;1,1;73;54;2054
"Avocado roh";440;51;3;390;186;644
"Leberpastete mit Champignons";5184;111;4,9;483;155;2813
"Hühnerei Eigelb frisch gegart";5548;30;11,3;324;98;3904
"Sahne";110;10;9;18;3;320
"Vollkornbrot mit Leinsamen";2889;101;4,6;305;2242;2372
"Reiswurst";776;38;2,3;79;391;1248
"Teewurst grob";1171;54;1;66;79;2060
"Hirse Vollkorn gekocht";2604;19;0,9;230;418;1028
"Trüffelleberwurst";6967;143;3,3;590;191;3365
"Johannisbeere schwarz Fruchtsaft";1087;26;1,1;131;301;270
"Löwenzahn roh";3380;70;3;260;920;830
"Graubrot-Roggenmischbrot mit Sauermilch";1535;85;3,3;191;1328;1248
"Brathähnchen Schenkel gegrillt";1796;44;0,4;263;22;1774
"Würfelpastete";5593;50;2,4;84;89;1673
"Mandarine Konserve abgetropft";283;14;1,6;103;37;125
"Bremer Pinkel";1405;26;2,4;153;955;1639
"Schokokeks glutenfrei";1454;45;9,1;248;640;1262
"Polenta (gebackener Maisbrei) (Zubereitung Haushalt)";309;23;2,7;45;34;176
"Linsen reif Mehl";7746;27;1;738;1446;3853
"Tomaten Gemüsesaft";560;13;0,7;120;8;86
"Mangold frisch gegart";2518;67;1,2;91;336;320
"Rindfleischsülze";2132;59;1,2;88;28;4034
"Vollkornbrötchen allgemein";2679;69;3,5;359;2252;2089
"Salatsoße (Zubereitung Haushalt)";693;10;0,9;76;236;143
"Mandel bitter roh";3110;90;1,1;902;1814;3156
"Gerste Rollgerste (grobe Graupen)";2000;240;1;400;1300;2100
"Creme, Schmand 20% Fett";130;11;11;23;4;400
"Frischkäse mit Kräutern Doppelrahmstufe";80;13;8;13;6;390
"Bulgur";4700;50;0,2;560;2000;3000
"Schwein Speck durchwachsen (Frühstücksspeck)";1464;42;3,1;52;59;1093
"Schinken-Käsepastete";1348;72;9,2;80;80;2306
"Westfälinger";1210;63;2,4;72;107;2142
"Aalrauchmettwurst";1169;63;2,7;77;113;2053
"Baguette";1325;43;2,1;180;511;924
"Schweinskopfwurst";1096;60;2,4;55;90;1765
"Schafskäse";650;110;25;80;35;2000
"Mohn gemahlen geschrotet";9598;40;10;162;6062;10104
"Vollkornteigwaren gegart";1324;17;0,9;208;114;1358
"Cervelatwurst IA und fein";1501;62;1,3;84;96;2768
"Kabeljau (Dorsch) gegart";450;34;133,6;249;20;602
"Geflügelsalami";1328;43;3,8;154;86;2528
"Hausmacher Sülze Konserve";797;43;1,2;49;77;1436
"Kuhmilch";50;17;7,5;15;5;380
"Knoblauchwurst, Cabanossi";1137;41;1;72;51;1986
"Vollkornteigwaren eifrei";3900;40;1,9;510;264;3000
"Lauchzwiebel gebraten (zubereitet ohne Fett)";1255;42;2,1;84;241;1046
"Lammfleisch Cervelatwurst";1770;24;1,3;136;70;3702
"Spargel frisch gegart";545;48;6,7;165;103;336
"Aprikose roh";650;10;0,5;134;167;102
"Flohsamenschalen";7800;100;2,3;1400;2600;4800
"Paniermehl";1200;60;2,8;120;600;900
"Ente Fleisch mit Haut frisch gegart";2624;44;1,5;262;51;2012
"Teigwaren (allgemein) Schnitt-, Bandnudeln";1600;80;0,6;150;730;1600
"Ananas frisch";400;14;1,4;80;110;260
"Hirschpastete";2433;45;1,3;154;46;3044
"Vollkornkeks";4279;111;17;303;2659;2646
"Limonaden koffeinhaltig";30;15;1,8;30;35;10
"Roggen Flocken";3700;150;7,2;295;2670;2480
"Weizen Kleie";16430;156;2,4;1315;13031;9215
"Erdkirsche Konfitüre";552;6;0;52;135;53
"Passionsfrucht - Maracuja frisch";1300;20;1,3;120;120;250
"Schinkenmettwurst";944;50;2,4;69;88;1661
"Rotbarsch frisch gebraten Fischzuschnitt";700;215;76,3;27;18;572
"Graubrot-Roggenbrot";2059;100;3,3;362;1428;1739
"Kohlrübe frisch";450;30;4;80;66;94
"Haifischöl";30;15;120;20;10;200
"Schwarze Bohnen roh";5000;0;1;700;1700;3600
"Apfel";248;9;0,8;52;43;38
"Rosenkohl gegart";775;8;0,9;58;220;416
"Blauschimmel Rahmstufe";140;150;9;70;35;5100
"Rind Brust (Spannrippe) (fett) frisch";1943;50;0,5;79;18;4218
"Schweinerückenpastete mit Mürbeteig";1834;58;1,2;77;117;1394
"Limburger Vollfettstufe";291;97;19;68;29;1943
"Kürbiskernmehl";12000;100;2,7;2200;6100;12000
"Sauerkirsche Fruchtsaft";597;19;0,2;104;81;104
"Spaghetti Bolognese (Zubereitung Haushalt)";660;33;3,5;82;203;828
"Buchweizen Korn geschält";3200;170;0,5;900;2000;2500
"Gemüsebrühe (Zubereitung Haushalt)";399;20;4,6;72;70;203
"Graubrot-Roggenbrot mit Kümmel";2525;98;3,4;385;1463;1853
"Weißer Schweinskäse";1059;57;2,5;74;104;1840
"Feige frisch";600;20;1,5;70;130;250
"Pfifferling frisch";6500;50;3,3;420;180;650
"Graubrot-Weizenmischbrot";1698;65;2,2;233;1121;1270
"Weißwurst in Kapernsoße                  ";1395;43;3,4;74;223;2014
"Norddeutsche Kochmettwurst";1384;59;1,2;81;87;2529
"Hirse Mehl";6000;30;2;700;1500;1000
"Zartbitterschokolade";4616;43;1;1377;1084;2070
"Erdnussflips";938;63;5;193;351;778
"Blutwürste";16962;29;2,1;111;87;1117
"Möhren gedünstet (Zubereitung Haushalt)";1830;27;13,4;57;206;570
"Rüböl (Rapsöl)";100;0;0;1;1;1
"Spitzkohl gedünstet (Zubereitung Großküche)";418;13;4,4;64;165;193
"Gebrannte Cashewkerne";4200;100;3,1;1300;1200;3200
"Knackwurst, Servela";776;41;2,3;61;71;1272
"Aubergine frisch gegart";396;20;1,1;95;190;295
"Filetpastete und andere";1921;63;1,2;93;63;3698
"Cashewnuss geröstet";4100;128;11;2170;807;4750
"Champignon frisch gegart";1055;32;18,9;422;89;510
"Chinakohl frisch";600;15;0,3;20;280;340
"Delikateß-Leberwurst";7054;145;2,2;595;188;3442
"Pollack frisch";230;35;260;200;20;600
"Kasseler gegrillt";468;0;43,6;0;0;1318
"Leberwurst Ia";7054;145;2,2;595;188;3442
"Lachs pazifisch";710;180;32;41;15;440
"Geselchte";942;51;2,4;70;81;1658
"Salami IA fein";1481;57;1,3;87;82;2741
"Debreziner (Brühwurst)";1186;44;1,1;76;49;2099
"Katenrauchwurst";1124;59;2,5;74;108;1977
"Gelbwurst";725;37;2,1;62;72;1204
"Apfel geschält roh mit Küchenabfall";380;10;1,9;95;62;114
"Rosenkohl tiefgefroren";1085;10;1,1;65;257;582
"Spinat tiefgefroren";3872;104;11,5;113;448;552
"Goldbackfisch paniert tiefgefroren";708;145;76,2;39;55;510
"Fleischsalat (Zubereitung Gastronomie)";1041;24;2,9;94;158;794
"Pferd Fleisch";4700;30;1;144;19;2900
"Brennnessel roh";4120;80;3;240;1260;1020
"Luzernensprossen (Alfalfa) frisch";1000;4;1;160;188;920
"Kefir";50;13;7,5;12;5;370
"Sojajoghurt Vanillegeschmack angereichert mit Calcium und Vitaminen probiotisch";300;63;2;114;206;0
"Bier alkoholfrei (< 0,5 Gew% Alkohol)";15;1;1;5;16;8
"Kakaobutter";0;0;0;0;0;0
"Körnerbrot glutenfrei";1716;35;2,1;242;733;1168
"Zuckermelone - Honigmelone roh";200;10;2;46;47;109
"Sirup";1500;80;0;90;110;10
"Radieschen frisch";1500;70;8;53;125;160
"Kaffee entcoffeiniert röststoffarm (Getränk)";40;0;1;7;13;30
"Banane tiefgefroren";571;21;3,1;135;550;228
"Mandel süß geröstet";4000;82;2;1125;1850;4100
"Bohnen weiß reif Konserve";1545;31;2;185;404;730
"Ochsenschwanz in Gelee";2237;64;1,3;103;43;4342
"Salami italienische Art";1598;60;1,3;91;96;2964
"Gerste Vollkornflocken";2000;100;1;120;1270;1280
"Gewürzgurken Sauerkonserve, abgetropft";512;26;3,1;106;199;182
"Inulin";0;0;0;0;0;0
"Brühwurst feingekuttert (nicht umgerötet)";725;37;2,1;62;72;1204
"Preßkopf rot, Panhas";7297;50;2,4;101;121;1723
"Zwiebeln gegart";208;46;2;48;139;180
"Frankfurter Rindswurst, Rote";1990;58;1,3;111;40;3657
"Berglinsen";7500;0;0,7;700;1400;3600
"Risotto mit Butter und Parmesankäse (Zubereitung Gastronomie)";675;48;4,9;80;600;1239
"Kichererbsen Konserve abgetropft";2168;31;3,7;315;1061;1175
"Kochstreichwürste ohne Leber";704;38;2,3;64;68;1214
"Mortadella norddeutsch";1064;53;2,7;88;96;1661
"Mais Mehl";2400;60;2,5;180;280;2500
"Butter";0;71;2,7;0;0;230
"Buchweizen Nudeln (Soba)";3400;100;2,7;400;3600;2700
"Cashewnuss";2800;140;10;3700;840;2085
"Rosenkohl gedünstet (Zubereitung Haushalt)";990;10;1,3;63;237;544
"Döner Kebap";1576;43;2,3;139;275;2144
"Tofu";2500;13;1,3;22;620;220
"Korinthenbrötchen mit Hefe";1239;41;2,1;173;491;855
"Vanilleeis (Zubereitung Haushalt)";699;23;6,9;47;13;587
"Grießbrei (Zubereitung Haushalt)";161;22;6,3;30;143;712
"Joghurt-Dressing (Zubereitung Gastronomie)";1207;26;6,2;78;510;647
"Knoblauchwurst rohe Krakauer";1158;45;1,1;76;65;2142
"Göttinger Schinkenwurst roh";1144;57;2,3;70;101;1969
"Roggen Vollkornmehl";4855;150;7,2;463;4176;3886
"Johannisbeere rot frisch";900;23;1;100;240;240
"Hagebutte Konfitüre";316;22;0;673;448;352
"Kartoffelklöße halb und halb (Zubereitung Haushalt)";451;12;3,8;88;142;356
"Vollkornbrötchen mit Sesam";3008;69;3,8;408;2217;2344
"Vollkornbrot-Roggenvollkornschrotbrot";2188;98;4,5;248;2067;2118
"Joghurt 10% Fett";50;12;7;11;5;340
"Fleischbrühe klar (Zubereitung Gastronomie)";913;31;2,5;61;29;1727
"Gemüseeintopf (Zubereitung Haushalt)";1405;37;2,7;87;118;2110
"Knäckebrot-Mehrkornbrot";2773;137;5;350;2186;2083
"Clementine frisch";300;10;0,8;90;40;100
"Touristenwurst";1003;44;2,1;65;71;1827
"Grünkohl Konserve";1067;15;8;44;328;227
"Würstchen (umgerötet)";787;42;2,4;63;72;1289
"Kartoffelgratin (Zubereitung Haushalt)";303;12;5,5;67;100;349
"Heringsfische Makrelen Thunfische gegart";1001;238;39,2;321;23;1106
"Sojamehl";15000;120;0,8;1600;4000;4900
"Schwein Schinkenspeck";1122;55;1,1;51;72;1956
"Kokoswasser";100;0;0,4;400;400;100
"Sojalecithin";0;0;0;0;0;0
"Heringsfilet in Tomatensoße";1130;283;23;281;48;850
"Blätterteig tiefgefroren";900;0;0;140;240;400
"Weintraube rot frisch";500;14;1;83;104;55
"Leberrolle";6381;141;2,4;477;210;3503
"Hackfleischsoße italienisch (Zubereitung Großküche)";527;17;1,5;84;92;616
"Hüttenkäse Magerstufe";140;17;10;20;1;420
"Dinkel ganzes Korn roh";4350;55;0,6;400;4410;3650
"Feta";650;110;25;80;35;2000
"Brötchen mit Schinken";1323;44;2,1;177;499;955
"Sächsischer Preßkopf Konserve";798;42;1,2;48;82;1393
"Schweinekamm gefüllt";2102;62;5,4;111;184;1651
"Blumenkohl gegart";457;9;0,7;47;190;266
"Kasseler";430;0;40;0;0;1210
"Himbeere Konfitüre";544;7;1,1;41;146;144
"Graubrot-Mehrkornbrot";1767;87;3,3;223;1393;1327
"Tee schwarz mit Zucker (Getränk)";25;113;1;30;677;40
"Sanddornbeere Fruchtsaft";439;19;1,1;208;611;156
"Bier Pils Hell";12;1;1,5;10;16;6
"Gänsefett, -schmalz";30;15;2;20;1;20
"Plock-und Schinkenwurst roh";2059;74;1,6;118;93;3883
"Erdbeere tiefgefroren";1005;25;1;126;236;126
"Sauce Hollandaise Konserve";1151;28;3;79;68;1111
"Kichererbsen Konserve abgetropft gekocht";676;10;2,4;65;244;344
"Spargel grün";700;0;7;200;100;400
"Kefir vollfett";90;13;7,5;12;5;360
"Birne frisch";260;12;1;90;50;230
"Waffel-Maisbrot glutenfrei";1417;51;3,1;114;534;1522
"Brötchen (allgemein)";1325;43;2,1;180;511;924
"Teigwaren aus Hartgrieß gegart";510;17;0,5;122;370;680
"Kapern Konserve abgetropft";860;75;6;144;0;0
"Kasseler gekocht";562;0;55;0;0;1665
"Gänse-Cervelatwurst";1781;51;3,7;180;81;2092
"Gemüsepaprika gelb frisch";400;20;2;20;100;100
"Hessische Landrotwurst";7286;90;2,7;157;113;2596
"Spätzle (Zubereitung Haushalt)";819;40;2,7;80;165;607
"Trinkwasser";2;16;0,3;0;1;3
"Knäckebrote";1920;63;3;261;740;1338
"Pfeffer Lyoner Konserve";1013;53;2,7;69;99;1692
"Kalbsleber gebraten (Zubereitung Haushalt)";7007;24;4,1;4310;243;3192
"Sojadrink flüssig";570;63;2;114;206;0
"Ente Fleisch mit Haut frisch";2400;40;1,2;240;47;1840
"Sojasprossen frisch";900;40;2;230;170;960
"Kalbfleischwurst Konserve";1084;30;2,4;82;51;1655
"Gemüsesuppe dick (Zubereitung Haushalt)";923;24;4,5;100;336;426
"Pariser Pastete";1787;57;1,2;123;118;2169
"Graubrot-Roggenmischbrot";1534;85;3,3;194;1330;1225
"Knollensellerie frisch";530;14;2,8;116;150;369
"Graubrot-Roggenmischtoastbrot mit Schrotanteilen";1747;86;3,3;232;1403;1417
"Früchtetee (Getränk)";80;115;5;15;44;40
"Vollkornbrötchen-Roggenvollkornbrötchen mit Leinsamen";2949;106;4,9;300;2362;2469
"Kasseler erwärmt";468;0;43,6;0;0;1318
"Dinkelmehl Typ 630";1161;31;0,2;101;1161;1547
"Delikateß Würstchen";832;45;2,3;62;78;1416
"Noriblatt (Seetangblätter Norialge)";16565;612;307;803;1231;7571
"Hirnwurst";2410;40;4,5;336;138;1783
"Brathähnchen Herz frisch";1700;50;10;346;90;3100
"Eierlikör";700;3;1;30;9;470
"Kaisersemmel";1794;69;2,1;246;1184;1341
"Bratwurst, Rheinische Bratwurst";732;38;2,1;63;74;1214
"Weichkäse Doppelrahmstufe";300;100;20;70;30;2600
"Schinken-Galantine                     ";1259;70;1,2;62;95;2307
"Lamm Herz frisch";3600;15;10;520;20;2000
"Bauernbratwurst";1210;63;2,4;72;107;2142
"Schweinezungensülze";2784;20;3,7;189;62;2092
"Cheddar Rahmstufe";400;140;44;30;40;4000
"Ananas Konserve";246;10;2,1;58;62;178
"Palmfett - Palmöl";10;0;0;1;1;10
"Kalbfleischkäse";1084;30;2,4;82;51;1655
"Sauerkirsche Konserve abgetropft";499;23;0,3;93;69;570
"Eier";2100;110;10;140;30;1350
"Hasenpastete";2750;45;1,3;186;58;2267
"Nuß-Nougat-Creme süß";1785;15;2;518;1125;847
"Sauerkirsche roh";600;18;0,2;100;80;100
"Spargel weiß frisch";651;48;7;156;102;401
"Kondensmilch 7.5 % Fett";100;26;15;24;10;720
"Kartoffelkroketten (Zubereitung Großküche)";525;20;4,1;85;160;415
"Schoko-Müsli";3153;62;3,5;588;2492;2471
"Cornichons Sauerkonserve abgetropft";512;26;3,1;106;199;182
"Gansgalantine                       ";5832;123;3,5;484;177;3198
"Salatmayonnaise 50% Fett";300;10;3;15;12;110
"Knollensellerie frisch gegart";445;13;3;109;133;273
"Schwein Vorder-, Hinterschinken";1128;60;3,6;59;75;1851
"Käseschinkenwurst";985;60;4,7;64;93;1948
"Graubrot-Roggenbrot mit Sauermilch";2057;100;4,4;359;1425;1759
"Salami aus Fleisch anderer Tiere";1773;24;1,3;135;60;3761
"Kabeljau tiefgefroren";440;28;170;230;17;500
"Auster frisch";6700;120;58;4461;450;85000
"Kochwurst";7054;145;2,2;595;188;3442
"Zwetschge frisch";400;2;0,1;100;100;100
"Kürbis frisch gegart";728;20;1,1;106;220;106
"Schwedische Leberpastete mit Sardellen";5858;131;3,6;490;179;3274
"Hafer Mehl";4200;95;4,2;230;3700;3300
"Mandel süß roh";3110;90;1,1;902;1814;3156
"Fleischwurst im Blätterteig";862;49;2,4;68;130;1078
"Schwein Hackfleisch frisch";895;48;1;52;62;1643
"Couscous roh";2577;89;3,1;406;1284;2051
"Kokosfett";20;0;0;2;0;0
"Multi-Vitamin-Nektar mit Süßstoff";298;11;2,5;79;58;139
"Cervelat- und Schlackwurst";1501;62;1,3;84;96;2768
"Rosinen";300;20;2;100;267;100
"Waffeln einfach (Zubereitung Haushalt)";856;57;4,9;81;168;689
"Knäckebrot-Weizenbrot mit Weizenkeimen";2416;65;3;317;1629;2224
"Mosaikroulade";5593;50;2,4;84;89;1673
"Sauermilchkäse (Harzer)";300;17;10;17;7;1900
"Lupinenschrot";4600;0;14,7;1100;2500;5000
"Sultaninen";300;20;2;100;267;100
"Brötchen-Mehrkornbrötchen";1866;92;3,2;235;1471;1401
"Sushi";882;41;10,3;161;703;1051
"Mozzarella 20% Fett i. Tr.";300;17;20;20;6;500
"Rauchfleisch";1875;52;2,2;83;33;3505
"Sojaschrot";10000;300;5,8;1000;2500;4100
"Sonnenblumenkern";5720;63;4;1890;2380;5760
"Salzkartoffeln (Zubereitung Haushalt)";386;10;4;82;113;315
"Pfirsich frisch";480;20;1;50;83;145
"Hummus";2600;0;5,4;300;700;1700
"Sojasoße";3916;42;2,8;432;1098;1343
"Landmettwurst";1219;63;2,6;75;102;2117
"Quark Halbfettstufe";100;16;10;16;7;500
"Pomelo frisch";110;24;1,3;48;17;80
"Spargel frisch";651;48;7;156;102;401
"Limonaden";390;15;1,8;10;42;40
"Schlagsahne 30 % Fett";110;10;9;18;3;320
"Graubrot-Toastbrot";1637;86;3,3;223;1319;1295
"Tee- und andere streichfähige Rohwurst";998;44;1;67;66;1732
"Schaf Keule (mittelfett) frisch gegart";2364;28;1,5;134;25;4073
"Erdnuss";1813;130;13;767;1604;2829
"Kichererbsenmehl";7000;0;20;800;2100;3400
"Geflügelbratwurst gegrillt";1124;38;2,6;136;74;1918
"Pesto";3025;59;17,3;408;860;2129
"Delikateß-Pastete";1127;60;3,6;85;129;1652
"Camembert Halbfettstufe";300;100;20;70;30;3000
"Kalbsrouladen";2624;38;2,7;117;64;2851
"Oliven schwarz gesäuert";1600;30;4,5;230;50;150
"Haselnussmus";3513;0;1;1639;3543;2130
"Leinmehl";10400;100;3;1900;3500;6400
"Lebertran";74;10;860;7;500;60
"Zitrone Fruchtsaft";427;8;0;312;28;109
"Kasseler gebacken";468;0;43,6;0;0;1318
"Dorschleber Konserve in Öl";29;4;626;431;175;1282
"Lammfilet (Zubereitung Gastronomie)";2639;28;1,6;168;29;4174
"Gouda mind. 50% Fett i. Tr.";280;115;11,8;40;40;4250
"Oliven grün gesäuert";1600;30;4,5;250;58;150
"Riesengarnelen gegrillt (Zubereitung Großküche)";1696;113;94,3;278;99;2573
"Brathähnchen Magen frisch";3500;50;5;96;65;3000
"Roter Thun frisch";1300;28;50;86;15;600
"Hühnerei Eigelb";7200;30;12;350;100;3800
"Gerste Vollkorn";2800;120;7;373;1650;2530
"Sauerkraut abgetropft frisch";600;45;1;130;140;320
"Linsen reif Konserve gegart abgetropft";644;6;0,8;58;128;365
"Erbsen grün frisch";1840;27;4,2;380;660;753
"Zitrone frisch";450;10;0,5;350;30;120
"Schwein Schinkenspeck roh ungeräuchert";1066;58;1;53;75;1956
"Wurstsülze";622;35;1,2;52;44;1185
"Biologische pflanzliche Soja-Joghurtalternative";570;63;2;114;206;0
"Zucchini frisch";1500;20;2,3;80;140;200
"Gnocchi roh";396;17;6;62;143;269
"Fleischsalat Grundlage";561;31;2,2;58;51;980
"Currywurst mit Curryketchup (Zubereitung Gastronomie)";825;40;2,1;94;81;1094
"Vollkornbrötchen-Roggen, Weizenvollkornbrötchen";3208;103;4,6;375;2734;2679
"Krakauer Konserve";1317;48;1,1;79;58;2413
"Schwein Fett (Schmalz)";50;0;0;10;0;0
"Remoulade 65% Fett";700;10;5;100;100;600
"Kidney-Bohnen Konserve abgetropft";2565;26;0,9;225;511;1274
"Sauerkraut (Zubereitung Haushalt)";490;30;1,8;101;104;249
"Petersilienblatt tiefgefroren";5185;104;14,7;490;2545;848
"Brötchen-Weizenbrötchen mit Mohn";1720;43;3,2;179;776;1361
"Bärlauch roh";2870;49;2,4;80;320;270
"Pastinake gegart";597;10;3,5;134;388;729
"Emmentaler";300;160;40;655;40;4600
"Weintrauben";500;14;1;83;104;55
"Gutsleberwurst Konserve";6105;136;2,3;503;183;3385
"Füllung für Rouladen";923;49;3,7;71;103;1430
"Weizen Vollkornflocken";3309;90;2,7;459;3665;2690
"Geflügeljagdwurst";1736;55;2,5;172;87;2421
"Sauerkrautsalat mit Salatöl (Zubereitung Großküche)";676;43;1,1;126;191;323
"Krapfen (Zubereitung Gastronomie)";671;36;2,5;99;231;428
"Krakauer roh Colbassa";1270;46;1,1;77;63;2377
"Sesam roh";10000;60;10;1460;1465;7775
"Kaffee mit Zucker (Getränk)";202;0;1;101;79;10
"Banane frisch mit Küchenabfall";369;13;1,9;87;355;147
"Schwein Bauchspeck roh geräuchert";1030;48;1,1;54;61;1794
"Schinkenplockwurst";1898;82;1,7;109;124;3488
"Gerauchte Schinkenwurst";1524;59;1,2;87;76;2826
"Limonaden kalorienarm";440;17;2;17;47;42
"Braunschweiger Mettwurst";1369;73;3;85;122;2438
"Kalbskäse";2362;39;4,5;333;118;1795
"Roggen Mehl Type 997";2300;150;2,5;250;2290;1760
"Fleischwurst mit Milcheiweiß Konserve           ";773;41;2,4;58;77;1346
"Schwein Gulasch (mittelfett) frisch";1755;78;1;99;14;3411
"Lachsfilets gebraten (Zubereitung Haushalt)";1156;46;24,6;221;240;939
"Natürliches Mineralwasser mit Kohlensäure";0;30;0,6;4;3;6
"Milchreis mit Zucker und Zimt (Zubereitung Haushalt)";168;22;6;38;402;404
"Teigwaren (allgemein) Spätzle";1600;80;0,6;150;730;1600
"Gänseleber in Aspik";9355;91;5,1;6476;285;2674
"Fleischkäse grob";996;54;2,4;68;92;1737
"Schafskopfbrasse frisch";600;180;60;240;36;470
"Kokosmilch mit Süßstoff";99;0;0,4;396;396;99
"Mungobohnensprossen frisch";910;4;2;120;188;390
"Hähnchenbrustfilets gebraten (Zubereitung Gastronomie)";690;48;0,4;133;58;688
"Kartoffelsalat mit Mayonnaise (Zubereitung Großküche)";458;12;3,9;80;143;302
"Trüffelleberwurst Konserve";6967;143;3,3;590;191;3365
"Schwein Speck roh geräuchert";1030;48;1,1;54;61;1794
"Macadamianuss geröstet und gesalzen";1767;91;3,2;296;842;1079
"Sternpastete";5593;50;2,4;84;89;1673
"Saure Sahne 10 % Fett";100;12;12;25;4;430
"Bratwurst grob, Schweinsbratwurst grob";1057;53;1,1;70;97;1792
"Brathähnchen Brustfilet mariniert gegrillt";1973;42;0,6;145;87;1049
"Erbsen grün tiefgefroren";1802;26;4,4;372;646;738
"Rind Hackfleisch gegart";2726;75;0;121;24;5018
"Mandel süß";3110;90;1,1;902;1814;3156
"Cocktailwürstchen Konserve";909;43;2,4;66;68;1638
"Wirsingkohl gegart";685;11;5,1;68;183;228
"Rohkostsalat mit Salatsoße ";1026;29;6,9;60;172;322
"Joghurt entrahmt";55;17;7,5;12;4;450
"Avocadocreme (Guacamole)";431;52;4;389;203;667
"Weizen Kleie gegart";2070;20;0,3;166;1642;1103
"Hartes Wasser   (14...21°d)";1;18;0,3;0;2;3
"Eierpfannkuchen - Eierkuchen (Zubereitung Haushalt)";1114;62;6,3;100;163;865
"Sellerie frisch";500;70;0,1;120;100;110
"Stuttgarter Leberkäse";2569;66;2,1;201;118;1830
"Frühstücksfleisch Konserve";1031;52;2,3;67;88;1697
"Karotte Gemüsesaft";265;15;2,5;44;76;103
"Blattspinat frisch";4100;110;12;120;474;584
"Hüttenkäse";100;17;20;20;6;500
"Preßwurst";1053;57;2,5;64;90;1875
"Schweineroulade";1480;41;1;97;60;1832
"Vollkornbrot-Hafervollkornbrot";3007;101;4,4;319;2445;2641
"Gouda";280;115;11,8;40;40;4250
"Tomaten geschält Konserve";500;18;0,2;110;110;300
"Geflügelcabanossi";1286;54;2,4;147;67;2146
"Brathering Konserve, abgetropft";1064;207;2,6;190;110;744
"Schwein Schnitzel (mager) frisch";1700;60;1;310;40;2600
"Weizen Keimflocken";7950;90;0,3;950;11423;12000
"Mirabelle frisch";500;2;1;90;90;100
"Gänseleberwurst mit Trüffeln";23315;140;3,7;4150;280;3744
"Vollkornteigwaren aus Weizen";3900;40;1,9;510;264;3000
"Orange frisch";400;5;2,1;67;29;100
"Tofu fest";2500;13;1,3;22;620;220
"Dinkelmehl 1050";2900;100;0,5;300;2900;3800
"Kürbiskernöl";0;0;0;0;0;0
"Hirse gegart";2604;19;0,9;230;418;1028
"Kaki frisch";370;15;1,8;113;355;110
"Frischkäsezubereitung Magerstufe";397;17;10;17;7;595
"Vollkornbrötchen-Roggenbrötchen mit Sonnenblumenkernen";2869;106;5,1;379;2404;2621
"Margarine aus Sonnenblumenöl gehärtet";60;8;1,5;40;12;160
"Himbeere tiefgefroren";1045;21;3,1;93;401;377
"Joghurt vollfett";50;15;7,5;11;4;450
"Gouda mind. 30% Fett i. Tr.";280;115;11,8;40;40;4250
"Kochsalami";1238;47;2,6;86;58;2327
"Haselnuss roh";3356,2;0;1;1565,6;3385,5;2035,2
"Bier Export Hell";12;1;1,5;6;12;18
"Vollkornbrötchen-Weizenvollkornbrötchen mit Weizenkeimen";2973;70;3,3;392;2763;2641
"Brötchen-Weizenbrötchen mit Butter";1288;46;2,1;175;497;903
"Mettwurst gekocht";704;38;2,3;64;68;1214
"Erdmandelmehl";2600;0;0,5;500;900;1600
"Vollkornbrot-Roggen, Weizenvollkornschrotbrot";2630;88;4,4;289;2219;2171
"Paprikaspeckwurst";1068;52;2,4;81;104;1571
"Berliner Knacker";1085;49;1,1;69;74;1910
"Salami";1778;57;1,3;121;285;2693
"Maltodextrin";500;0;2,4;0;1000;600
"Tomate rot roh";316;24;1,1;57;108;85
"Rind Filetsteak frisch";2300;100;0,1;76;20;4410
"Erdnussöl ";64;0;0;3;2;10
"Streichmettwurst";971;50;2,3;67;81;1638
"Graubrot-Weizenmischtoastbrot mit Schrotanteilen";2186;71;3,3;332;1249;1504
"Weißwurst hannoverisch";2182;123;2,2;110;172;3928
"Rind Brust (Spannrippe) frisch";1943;50;0,5;79;18;4218
"Knäckebrot-Roggenbrot mit Milch";3089;152;7;532;2131;2724
"Spaghetti alla carbonara ""Köhlerart"" (Zubereitung Gastronomie)";540;31;3,2;58;197;709
"Vollkornbrötchen-Weizen, Roggenvollkornbrötchen";3155;95;4,6;391;2638;2560
"Flohsamen";10400;100;3;1900;3500;6400
"Rohwurst, Würstchen, grob gekörnt";1395;56;1,2;82;87;2400
"Traubenkernöl";0;0;0;0;0;0
"Gummibonbons und Gummibärchen";4200;0;0;0;0;1400
"Makrele Konserve abgetropft";986;30;42,2;97;30;437
"Erdbeere frisch gegart";954;25;1,1;130;236;130
"Sojabohne geröstet";10017;361;6;1202;2715;4189
"Gemüsezwiebel roh";221;42;1,8;44;126;184
"Romanosalat frisch";1100;26;2;37;300;200
"Maisbrot";2560;50;3,3;264;1347;1778
"Reis Mehl";400;30;1;200;600;400
"Pflaumenmus";180;1;0,3;40;30;30
"Schwein Speck roh ungeräuchert";978;51;1;57;64;1794
"Früchte-Müsli";3329;69;3,8;435;2855;2493
"Buttergebäck aus Mürbeteig";1104;44;1,1;107;266;718
"Schwein Schinken gekocht ungeräuchert";1014;54;3,4;53;67;1665
"Frischkäse aus Ziegenmilch (40% Fett i. Tr.)";100;15;9;15;6;502
"Leinsamenbrot mit Hefe";1990;66;2,6;240;1125;1280
"Schaf Lende (Filet) (mager) frisch gegart";2696;28;1,5;152;28;3791
"Apfelmus (Zubereitung Großküche)";361;7;2,1;80;46;108
"Leberwurst frisch";7054;145;2,2;595;188;3442
"Hamburger (Zubereitung Gastronomie)";1799;40;1,7;128;255;1376
"Lachs gekocht (Zubereitung Haushalt)";1002;35;24,5;198;35;886
"Grünkohl frisch";1900;20;12;56;550;330
"Paranuss geröstet";3102;109;0;1183;546;3639
"Hirse Vollkornflocken";6900;50;2,5;610;1107;2867
"Wassermelone";225;11;1;28;32;83
"Wildreis ungekocht";1960;45;3;524;1329;5960
"Vollkornbrot";2661;102;4,4;301;2287;2409
"Gutsleberwurst";6105;136;2,3;503;183;3385
"Rind Nacken (Kamm) (mittelfett) frisch";2053;59;0,1;58;20;5469
"Kuhmilch Trinkmilch vollfett";50;17;7,5;15;5;380
"Reh Fleisch (mager) frisch";3000;30;0,6;150;20;3000
"Kalbszunge in Weißweinaspik";2591;23;3,8;158;46;2393
"Gerste";2800;120;7;373;1650;2530
"Knäckebrot-Roggenbrot mit Sonnenblumenkernen";3477;154;6;689;2266;2922
"Schinkenröllchen in Aspik";1041;59;5,3;93;85;1561
"Kürbiskern roh";4892;90;2,7;833;2768;6150
"Roggen Mehl Type 1150";2627;150;2,9;453;2072;2420
"Hauskaninchen Fleisch (mager) frisch";3200;30;1;500;38;1400
"Tomaten roh";316;24;1,1;57;108;85
"Leberkäse";1760;56;2,4;139;91;1571
"Apfel Fruchtsaft (Ohne Zuckerzusatz)";244;9;1;54;44;44
"Schwein Bauchspeck";60;2;0,2;12;1;120
"Brathähnchen Leber gegart";9193;97;2,4;393;282;3106
"Wirsingkohl frisch";900;12;5;70;200;300
"Spritzgebäck aus Rührteig";1279;72;2,2;201;465;843
"Kartoffelsalat mit Essigmarinade (Zubereitung Haushalt)";357;11;3,7;74;110;274
"Cashewnuss frisch";2800;140;10;3700;840;2085
"Polnische Bratwurst";1395;56;1,2;82;87;2400
"Mohn";9500;40;10;160;6000;10000
"Pizza salami (Zubereitung Gastronomie)";1075;39;4;144;247;925
"Leberpreßsack einfach";5228;109;2,2;429;156;2694
"Stangenbohnen grün frisch";830;12;3;84;380;336
"Fenchel gegart";0;0;0;0;0;215
"Würstchen, Bockwurst, Wiener Würstchen";787;42;2,4;63;72;1289
"Weißwurst Münchener";1321;38;2,2;82;89;1634
"Nürnberger Lebkuchen";1913;39;2,2;335;1293;931
"Sahneeiscreme";568;12;7,2;38;11;530
"Schinkentorte mit Mürbeteig";1119;61;3,6;81;130;1685
"Zwiebeln roh";221;42;1,8;44;126;184
"Buchweizen Mehl";1000;70;2,5;70;2100;2000
"Rind Pökelfleisch roh geräuchert";2026;52;2,2;70;32;4309
"Weinsauerkraut";600;45;1;130;140;320
"Kasseler gebraten (zubereitet ohne Fett)";468;0;43,6;0;0;1318
"Camembert";300;100;20;70;40;3000
"Obstkuchen mit Steinobst";673;27;3,3;73;159;432
"Teewurst Rügenwälder Art";1235;52;1,1;70;71;2185
"Dinkelflocken";3400;100;2,7;400;3600;2700
"Weizen Mehl Type 1050";2183;12;1,4;263;1841;1892
"Bierwurst 1a Konserve";1102;40;2,4;79;51;2043
"Roggen, Weizen-Mischbrot mit Hefe";1534;85;3,3;194;1330;1225
"Hühnerbrüstchen in Spargelsoße (Zubereitung Großküche)";394;30;1,9;105;42;495
"Gemüsepaprika rot frisch";550;20;1;80;100;260
"Cheeseburger (Zubereitung Gastronomie)";1660;53;6,4;121;203;1723
"Brötchen-Weizenbrötchen mit Sesam";1743;44;3,2;242;557;1254
"Geflügelmortadella";1230;15;41,9;50;40;2020
"Schwein Schinkenspeck roh geräuchert";1122;55;1,1;51;72;1956
"Süßkirsche roh";350;18;1,2;100;86;75
"Gekochte Eier (Zubereitung Gastronomie)";1573;105;10;126;29;1348
"Westfälischer Panhas";27513;58;3,2;171;630;2191
"Hühnerei Eigelb frisch";7200;30;12;350;100;3800
"Mandarine frisch";300;10;0,8;90;40;80
"Thunfisch Konserve";789;27;40;76;16;664
"Gänseleberrolle                      ";1072;52;3,7;75;153;1554
"Karotte gegart";325;20;3,3;57;102;238
"Streuselkuchen aus Hefeteig fettreich";907;51;2;105;295;671
"Bierwurst bayrisch";1106;43;1,1;73;54;2054
"Johannisbeere rot tiefgefroren";938;24;1;104;250;250
"Kräuterleberwurst";5832;121;2,2;485;176;2920
"Tomaten gegart";332;30;1,4;69;134;93
"Fleischkäse einfach";911;48;2,7;71;84;1494
"Mango frisch";400;10;1,6;120;30;40
"Himbeere";1000;20;3;89;384;361
"Schweineschnitzel paniert, gebraten (Zubereitung Haushalt)";1478;77;3,3;94;172;1922
"Fenchel Knolle roh";0;0;0;0;0;220
"Frischkäsezubereitung Rahmstufe";80;14;8;14;6;398
"Leberrotwurst";10172;114;2,3;371;186;3069
"Schweinebauch gefüllt Fleischerzeugnis";1391;60;3,6;103;164;2047
"Bohnen weiß reif Konserve gegart abgetropft";1342;29;2;133;372;672
"Brötchen mit Mohn";1720;43;3,2;179;776;1361
"Pistazie frisch";7300;120;5;1180;464;810
"Knäckebrote leicht & cross";2676;102;3;367;1767;2002
"Erdnuss geröstet und gesalzen";2292;138;0,9;689;1747;3625
"Forelle geräuchert";654;33;3,3;154;33;1215
"Cashewmus pur";5030;140;1;2190;840;5160
"Schweineschnitzel paniert, gebraten (Zubereitung Gastronomie)";1340;67;2,6;132;171;1653
"Schinkensalami";1088;58;2,5;72;103;1916
"Schinkenkrakauer Konserve";1317;48;1,1;79;58;2413
"Bleichsellerie frisch";500;70;0,1;120;100;110
"Sekt";500;20;10;10;140;30
"Gepuffte Getreide";4600;40;0,6;560;2000;2800
"Quitte frisch";600;6;1,6;130;20;200
"Baguette-Brötchen";1325;43;2,1;180;511;924
"Weizen Keim";7950;90;0,3;950;11423;12000
"Rind Gulasch (mager) frisch";2340;60;0,1;72;20;5290
"Schweinefleisch in Aspik";2203;21;2,6;92;34;2293
"Knoblauch roh";1400;50;2,7;149;460;577
"Kichererbsen reif gegart";2745;16;9,2;262;987;1391
"Bierwurst";1102;40;2,4;79;51;2043
"Hühnerei frisch gegart";1597;106;10;128;29;1369
"Rind Herz gegart";5021;59;29,4;401;59;1958
"Bratwurst Grundbrät";732;38;2,1;63;74;1214
"Batate (Süßkartoffel)";664;17;2,4;130;240;230
"Fleischbrühe klar (Zubereitung Haushalt)";825;28;3;52;80;1670
"Gerste Flocken";2000;100;1;120;1270;1280
"Schmierwurst (fette Mettwurst)";840;41;1,1;62;71;1405
"Cornflakes";2000;50;1;200;50;280
"Bohnen grün Konserve";469;11;3;61;226;230
"Geflügelbockwurst erwärmt";1085;51;2,2;134;75;1857
"Hartkäse";400;140;52;50;40;4500
"Vollkornbrötchen-Roggenvollkornmischbrötchen";3208;103;4,6;375;2734;2679
"Zuckermais (Gemüsemais) gegart";520;20;3,3;63;200;1055
"Rotkohl frisch";500;12;5,2;42;100;239
"Sauerkraut Saft";558;45;1;129;138;314
"Knoblauchwurst";1158;45;1,1;76;65;2142
"Kokosnussmilch 60% Kokosanteil";3000;0;1,9;0;1800;1100
"Rind Keule (mittelfett) frisch";2090;58;0,2;89;21;4126
"Wiener";909;43;2,4;66;68;1638
"Limette frisch";200;10;0,5;65;40;110
"Pommes frites (verzehrsfertig ungesalzen)";1700;20;6,6;193;208;829
"Pferd Fleisch gegart";4132;26;1,5;126;16;2550
"Leberpastete";6596;145;2,7;558;168;3461
"Göttinger Blasenwurst, Krakauer";1317;48;1,1;79;58;2413
"Brötchen mit Sesam";1743;44;3,2;242;557;1254
"Bockwurst";787;42;2,4;63;72;1289
"Brühwurst mit Fleischeinlage (umgerötet)";953;52;2,1;56;86;1697
"Kalbfleischsülze Konserve";1648;18;1,3;104;31;2558
"Krakauer Schinkenwurst";1422;66;1,3;76;100;2536
"Lammfleisch-Salami";1773;24;1,3;135;60;3761
"Semmelknödel (Zubereitung Haushalt)";848;43;5,5;101;213;752
"Bitterschokolade";6991;66;1,5;2100;1654;3158
"Markenbutter";0;71;2,7;0;0;230
"Nektarine frisch";500;10;0,5;60;100;100
"Rotwein schwer";710;12;10;40;200;130
"Sauerkirsche tiefgefroren";627;19;0,2;104;84;104
"Schinkenwurst grob, Lyoner grob";960;51;2,4;68;90;1671
"Kalbsbries-Galantine                    ";2059;207;4,9;209;112;2203
"Frischkäsezubereitung Doppelrahmstufe";79;13;8;13;6;387
"Kürbis frisch";770;20;1,4;100;220;100
"Zwiebeln geröstet (Zubereitung Gastronomie)";1334;53;2;72;136;398
"Gemüsemischung tiefgefroren";1330;22;5;136;285;451
"Herzwurst Konserve";1899;56;2,6;149;83;1703
"Pollack tiefgefroren";230;35;260;200;20;600
"Teewurst";998;44;1;67;66;1732
"Leberwurst 1a Konserve";7054;145;2,2;595;188;3442
"Hühnerei Eiweiß frisch";200;80;6,8;130;40;20
"Kopfsalat frisch";1000;32;3,3;49;176;372
"Tempeh";5000;26;2,5;800;1200;3800
"Creme, Schmand 30 % Fett";110;9;9;18;3;320
"Spaghetti mit Tomatensoße ""neapolitanische Art"" (Zubereitung Gastronomie)";580;35;2,5;65;211;735
"Kartoffeln gegart";855;10;3,4;95;107;406
"Zunge roh ungeräuchert";1554;44;2,4;112;81;1774
"Frühlingspastete";1484;52;5,4;127;118;1513
"Weizenbier (Weißbier) obergärig";1;1;1;40;30;20
"Topinambur frisch";3700;9;0,1;150;60;60
"Frankfurter Würstchen Schinkenwürste";832;45;2,3;62;78;1416
"Kalbsroulade mit Lachsschinken";2855;35;2,7;113;58;3029
"Dampfbrötchen mit Hefe";1325;43;2,1;180;511;924
"Blumenkohl roh";510;9;0,7;45;180;286
"Mayonnaise 80% Fett";600;10;6;30;17;160
"Rind Steak mager (mager)";2000;60;0,1;79;22;4070
"Tzatziki (Zubereitung Gastronomie)";184;15;5,2;36;50;265
"Papaya roh";420;15;1,6;35;23;376
"Mettwurst einfach streichfähig";635;29;1,1;49;61;936
"Teigwaren (allgemein) Spaghetti";1600;80;0,6;150;730;1600
"Pökelwaren Rippchen, Schälrippchen";1529;44;3,2;54;61;1142
"Kalbsbrust in Aspik";2081;30;2,5;97;64;2325
"Vollkornbrot mit Sesam";2964;100;4,6;349;2253;2630
"Peperonisalat mit Olivenöl und Knoblauch (Zubereitung Gastronomie)";722;20;2,5;75;141;176
"Kokosöl";20;0;0;2;0;0
"Tee schwarz fermentiert (Getränk)";20;115;1;30;690;40
"Karotte roh";355;19;3,1;55;97;256
"Frühstücks Porridge (Zubereitung Haushalt)";1000;0;0,9;100;400;800
"Brathähnchen Fleisch mit Haut gegart";904;43;13;33;18;1303
"Paprikaschoten frisch gegart";708;20;2,2;74;100;190
"Brombeere tiefgefroren";941;25;0;113;887;199
"Heringsfilet Matjesart";1205;385;32,8;357;39;1081
"Mettwurst schnittfest";1160;46;1,1;76;65;2148
"Fleischwurst einfach, Stadtwurst einfach";834;44;2,6;72;72;1474
"Gefüllter Schinken";1317;72;1,3;72;118;2348
"Rinderbrust in Weißweinaspik";1779;55;1,3;88;40;3487
"Schmelzkäse";1200;140;35;120;50;3200
"Sauerkirsche Konfitüre";532;9;0,1;61;47;64
"Schinkenbrät-Terrine";1176;53;4;108;152;1506
"Würstchen Konserve";832;45;2,3;62;78;1416
"Kohlrabi gedünstet (Zubereitung Haushalt)";699;12;1,8;102;114;241
"Würziger Nudelsalat (Zubereitung Haushalt)";549;24;2;60;171;333
"Geflügelbratwurst gebraten (zubereitet ohne Fett)";1124;38;2,6;136;74;1918
"Seidentofu";1200;7;0,7;13;360;129
"Wodka";10;0;0;10;0;4
"Kürbiskern";4892;90;2,7;833;2768;6150
"Weintraube rot Fruchtsaft";485;14;1;84;104;55
"Geflügelknackwurst erwärmt";1027;46;1,9;121;79;1640
"Mais Stärke";500;50;2,5;50;1000;600
"Schwein Leber roh";17286;290;14;1272;307;7100
"Weißbrot mit Rosinen";1179;39;2,2;165;467;813
"Rinderfilet (Zubereitung Haushalt)";3154;137;0,1;99;24;5729
"Lachs pazifisch geräuchert";670;200;35,5;41;17;488
"Zucchini frisch gegart";1417;20;2,2;84;140;211
"Wurzelpetersilie frisch gegart";776;77;1,1;204;145;145
